filter;name;sub;text;logo
BOOM;BOOM;Амортизация промежуточной подошвы;Фирменный вспененный материал Li-Ning и главная разработка бренда в подошвах. Сильно снижает вес промежуточной подошвы и при этом заметно прибавляет и мягкости при приземлении, и возврата энергии при отталкивании.;/image/technology_icons/boom.png
SUPER BOOM;SUPER BOOM;Амортизация, флагманский уровень;Усиленная версия BOOM для топовых моделей. Материал сделан менее плотным без потери прочности, поэтому подошва получается одновременно легче и энергичнее обычной. Ставится точечно в зоны максимальной нагрузки — пятку и передний отдел.;/image/technology_icons/super-boom.png
CLOUD;CLOUD;Амортизация промежуточной подошвы;Запасает энергию удара при приземлении и отдаёт её обратно при отталкивании — вместо простого гашения получается замкнутый цикл. Материал мягкий и лёгкий, поэтому хорошо переносит долгие тренировки.;/image/technology_icons/cloud.png
CLOUD PLUS;CLOUD PLUS;Амортизация, обновлённая версия;Развитие LI-NING CLOUD. Работает по той же схеме «поглотил — вернул», но каркас держит стопу стабильнее. В новых моделях идёт полноразмерной рамой, в которую вставлены зоны BOOM.;/image/technology_icons/cloud-plus.png
BOUNSE+;BOUNSE+;Отдача в передней части стопы;Упругий материал, устойчивый к продавливанию. Стоит под передней частью стопы и возвращает усилие обратно, чтобы меньше энергии терялось на старте, в выпаде и при прыжке.;/image/technology_icons/bounse-plus.png
LIGHT FOAM;LIGHT FOAM;Лёгкая промежуточная подошва;Лёгкое EVA-вспенивание с высоким отскоком. Даёт понятную, стабильную опору под стопой и снижает вес пары — выбор тех, кому важнее скорость перемещений, чем максимальная мягкость.;/image/technology_icons/light-foam.png
LIGHT FOAM PLUS;LIGHT FOAM PLUS;Лёгкая подошва, обновлённая версия;Обновлённый LIGHT FOAM с тем же лёгким и упругим характером, но большим ресурсом. В моделях Sonic Boom идёт на всю длину подошвы, а в пятку дополнительно вставлен BOOM.;
CUSHION;CUSHION;Амортизация промежуточной подошвы;Вспененный материал с упором именно на гашение удара: поглощает и рассеивает нагрузку, равномернее распределяя давление по стопе. Ставится туда, где важнее мягкое приземление, а не отскок.;/image/technology_icons/cushion.png
CARBON-FIBER PLATE;CARBON-FIBER PLATE;Карбоновая пластина в своде;Прочная, жёсткая и очень лёгкая пластина в средней части подошвы. Не даёт стопе скручиваться на резких разворотах и помогает передавать усилие с пятки на носок.;/image/technology_icons/carbon-fiber-plate.png
CARBON-FIBER CLOTH;CARBON-FIBER CLOTH;Карбоновая ткань в верхе;Карбоновое полотно вплетено в верх обуви. В отличие от пластины в подошве, работает на фиксацию: добавляет верху жёсткости на скручивание и плотнее удерживает стопу.;/image/technology_icons/carbon-fiber-cloth.png
PROBAR LOC;PROBAR LOC;Стабилизация свода стопы;Термопластичный стабилизатор, встроенный в промежуточную подошву и связывающий передний отдел с пяткой. Поддерживает свод и не даёт подошве складываться там, где не нужно.;/image/technology_icons/probar-loc.png
HEEL LOC;HEEL LOC;Стабилизация пятки;Жёсткий каркас, охватывающий пятку по кругу. Удерживает пяточную кость на месте и снижает риск подвернуть стопу при боковых движениях.;/image/technology_icons/heel-loc.png
PEBAX;PEBAX;Опорный каркас свода;Каркас свода из PEBAX вместо привычного TPU: легче и упруже при той же работе на скручивание. Ставится в облегчённые скоростные модели, где важен каждый грамм.;
TPU arch support;TPU SUPPORT;Опора свода из термопластика;Жёсткая вставка TPU в своде стопы. Решает ту же задачу, что карбоновая пластина — сопротивление скручиванию, — но работает мягче и стоит дешевле, поэтому встречается в моделях среднего уровня.;
BOOM FIBER;BOOM FIBER;Материал верха;Термопластичный эластомер в виде нити. Верх получается лёгким и дышащим и при этом почти не тянется, поэтому посадка не разбалтывается после нескольких месяцев игры.;/image/technology_icons/boom-fiber.png
COOL SHELL;COOL SHELL;Система вентиляции;Связка материалов верха и его конструкции, рассчитанная на отвод тепла. Задача простая — не дать стопе перегреться за долгий матч в зале.;/image/technology_icons/cool-shell.png
SOLID SYSTEM;SOLID SYSTEM;Система стяжки верха;Шнуровка обхватывающего типа: тянет не только язычок, но и боковины верха. Стопа садится плотнее, а верх меньше ведёт при рывках и торможениях.;
Half-bootie tongue;HALF-BOOTIE TONGUE;Конструкция язычка;Язычок сшит с внутренней подкладкой в одно целое. Плотнее облегает подъём, не съезжает вбок и убирает давление шнуровки.;
TUFF TIP;TUFF TIP;Усиление носка;Износостойкая накладка в зоне пальцев — там, где верх протирается первым при выпадах к сетке. Продлевает жизнь пары в самом уязвимом месте.;/image/technology_icons/tuff-tip.png
TUFF RB;TUFF RB;Износостойкая резина подошвы;Резиновая смесь повышенной износостойкости. Ставится в зоны, которые стираются быстрее всего, и ощутимо увеличивает ресурс протектора.;/image/technology_icons/tuff-rb.png
VAJRA SKIN;VAJRA SKIN;Сверхтонкое усиление;Новый сверхтонкий износостойкий материал. По стойкости к истиранию и к нагреву превосходит привычные накладки, но при этом тоньше и мягче — защита не делает верх дубовым.;/image/technology_icons/vajra-skin.png
STRIKE LOC;STRIKE LOC;Противоскользящая подошва;Подошва с шестиугольным рисунком протектора. Даёт цепкое сцепление с залом и лучше обычной резины сопротивляется истиранию.;/image/technology_icons/strike-loc.png
NON-MARKING;NON-MARKING;Немаркая резина;Подошва не оставляет следов на покрытии зала. Это базовое требование почти всех площадок: без немаркой подошвы на корт просто не пустят.;
BOA;BOA;Система быстрой шнуровки;Посадка настраивается поворотом барабанного диска: обувь затягивается за секунду и так же быстро распускается. Натяжение распределяется по всему верху равномернее, чем шнурками. Ставится на версиях MAX.;/image/technology_icons/boa.png
EG SHAPE;EG SHAPE;Скошенный мыс;Колодка под египетскую стопу: большой палец самый длинный, остальные убывают по длине. Мыс скошен по той же линии, поэтому пальцы не упираются в край. Самая распространённая форма у Li-Ning.;
RG SHAPE;RG SHAPE;Круглый мыс;Колодка под римскую стопу, где все пальцы почти вровень, и под греческую, где второй палец длиннее большого. Мыс скруглён, чтобы средние пальцы не упирались в край.;
HYPEREVA;HYPEREVA;Материал промежуточной подошвы;Мягкий высокоэффективный EVA — основной материал промежуточной подошвы Victor. Сочетает заметную мягкость, упругий отклик и малый вес, при этом подошва остаётся долговечной.;/image/technology_icons/victor-hypereva.webp
NITROLITE;NITROLITE;Промежуточная подошва;EVA, вспененный азотом по особой технологии. Даёт малый вес, живой отскок и хорошо держит форму — подошва не проседает после нескольких месяцев игры.;/image/technology_icons/victor-nitrolite.webp
ENERGYMAX;ENERGYMAX;Амортизирующая вставка;Высокоэластичный ударопоглощающий материал, который хорошо держит форму. Снижает потери энергии и перенаправляет её в следующее движение.;/image/technology_icons/victor-energymax-v.webp
ENERGYMAX 3.0;ENERGYMAX 3.0;Двухслойная амортизирующая вставка;Двухслойная упругая подушка. За счёт изменённой структуры и плотности слоёв одновременно гасит удар и возвращает энергию — без обычного выбора между мягкостью и отзывчивостью.;/image/technology_icons/victor-energymax-30.webp
ENERGYMAX V;ENERGYMAX V;Амортизация пятки;Усиливает амортизацию пятки при движении вперёд и добавляет отскока при быстром выходе из защиты.;/image/technology_icons/victor-energymax-v.webp
NEO DUPLEX;NEO DUPLEX;Двухслойная промежуточная подошва;Амортизирующий материал уложен поверх основной подошвы по принципам биомеханики. Верхний слой поглощает удар, нижний держит стопу стабильно.;/image/technology_icons/victor-neo-duplex.webp
E-TPU;E-TPU;Вспененный полиуретан;Гранулированный полиуретан, вспененный в форме. Отлично восстанавливает форму и заметно меньше проседает при долгой носке, чем традиционный EVA.;/image/technology_icons/victor-e-tpu.webp
Light Resilient EVA;FEATHER RESILIENT EVA;Облегчённая промежуточная подошва;Сохраняет упругость обычного EVA, но легче примерно на 20%. Снижает нагрузку на мышцы ног и делает перемещения по корту быстрее.;/image/technology_icons/victor-feather-resilient-eva.webp
CARBON POWER;CARBON POWER;Карбоновая пластина;Трёхмерная карбоновая пластина в средней части подошвы. Повышает стабильность и снижает скручивающую нагрузку на свод стопы.;/image/technology_icons/victor-carbon-power.webp
EzCiclo CARBON;EzCiclo CARBON;Карбоновая пластина из вторсырья;Карбоновая пластина на перерабатываемой термореактивной смоле. По стабильности и сопротивлению скручиванию работает как обычный карбон, но пригодна к переработке.;/image/technology_icons/victor-ezciclo-carbon.webp
ASYS;ASYS;Опора свода из TPU;Лёгкая высокопрочная термопластичная вставка в своде. Препятствует завалу стопы внутрь и скручиванию подошвы.;/image/technology_icons/victor-asys.webp
LS-S;LS-S;Боковая стабилизация;Высокопрочный TPU снаружи передней части стопы. Держит стопу при резкой смене направления — там, где обувь чаще всего уходит вбок.;/image/technology_icons/victor-ls-s.webp
TRI-ARCH;TRI-ARCH;Поддержка трёх сводов стопы;Стелька повторяет три свода стопы — два продольных и поперечный. Давление распределяется равномернее, стопа устаёт меньше и лучше управляет обувью.;/image/technology_icons/victor-tri-arch.webp
DIGITWIRE;DIGITWIRE;Верх с цифровой прошивкой;Трёхмерный верх из прочных нитей разной толщины, уложенных вышивкой по цифровой программе. Сочетает вентиляцию, прочность и плотную посадку.;/image/technology_icons/victor-digitwire.webp
JACQUARD EM;JACQUARD EM;Функциональная сетка верха;Жаккардовая сетка с низкой растяжимостью во всех четырёх направлениях. Мягкая и дышащая, но верх при этом держит форму и не разнашивается.;/image/technology_icons/victor-jacquard-em.webp
V-TOUGH;V-TOUGH;Усиление носка;Сверхизносостойкий материал на внутренней стороне носка. По тестам Victor стойкость к истиранию до 16 раз выше, чем у обычной PU-кожи.;/image/technology_icons/victor-v-tough.webp
V-DURABLE+;V-DURABLE+;Усиление носка, обновлённое;Внутренняя сторона носка с защитным покрытием и износостойким слоем. Тот же принцип, что у V-TOUGH, но с увеличенным ресурсом.;/image/technology_icons/victor-v-durable-plus.webp
VSR;VSR;Резина подошвы;Фирменная резиновая смесь подошвы Victor с повышенным сцеплением на зальном покрытии. Немаркая — следов на паркете и тарафлексе не оставляет.;
Drop-in midsole;DROP-IN MIDSOLE;Съёмная промежуточная подошва;Стелька и промежуточная подошва объединены в один съёмный блок. Повышает ресурс обуви и лучше поддерживает продольный и поперечный своды.;/image/technology_icons/victor-drop-in-midsole.webp
Drop-in Midsole 2.0;DROP-IN MIDSOLE 2.0;Съёмная промежуточная подошва, второе поколение;Двухслойная конструкция: сверху стелька с сетчатым покрытием, снизу подошва с вентиляционными канавками. Лучше отводит влагу и проветривает стопу.;/image/technology_icons/victor-drop-in-midsole-20.webp
Quick Lace System;QUICK LACE SYSTEM;Система быстрой шнуровки;Встроенный регулировочный диск вместо шнурков. Посадка подгоняется за секунды и держится стабильной весь матч.;/image/technology_icons/victor-quick-lace-system.webp
U-SHAPE;U-SHAPE;Круглый мыс;Колодка со скруглённым передом. Victor рекомендует её под египетскую стопу, у которой большой палец самый длинный. Дополнительно уменьшены высота в середине стопы и ширина в лодыжке.;/image/technology_icons/victor-u-shape-toe.webp
V-SHAPE;V-SHAPE;Заострённый мыс;Колодка с зауженным передом. Victor рекомендует её под греческую стопу, у которой второй палец длиннее большого, а сама стопа выглядит уже и острее. Убирает лишний объём в носке.;/image/technology_icons/victor-v-shape-toe.webp
Female Shape;FEMALE SHAPE;Женская колодка;Колодка построена по форме женской стопы: скруглённый профиль, зауженная пятка и изменённая линия свода. Обувь садится плотнее и лучше поддерживает свод изнутри.;/image/technology_icons/victor-female-shape.webp
